{"cameraMode":{"drawMode":0,"name":"Shaded","section":"Shading Mode"},"sceneLighting":true,"audioPlay":false,"sceneViewState":{"m_AlwaysRefresh":false,"showFog":true,"showSkybox":true,"showFlares":true,"showImageEffects":true,"showParticleSystems":true,"showVisualEffectGraphs":true,"m_FxEnabled":true},"in2DMode":false,"pivot":{"x":-195.58595275878907,"y":209.75149536132813,"z":-1253.695068359375},"rotation":{"x":-0.04396109655499458,"y":0.9100359678268433,"z":-0.39986538887023928,"w":-0.10004912316799164},"size":43.40712356567383,"orthographic":false}