{"cameraMode":{"drawMode":0,"name":"Shaded","section":"Shading Mode"},"sceneLighting":true,"audioPlay":false,"sceneViewState":{"m_AlwaysRefresh":false,"showFog":true,"showSkybox":true,"showFlares":true,"showImageEffects":true,"showParticleSystems":true,"showVisualEffectGraphs":true,"m_FxEnabled":true},"in2DMode":false,"pivot":{"x":527.0531616210938,"y":22.227558135986329,"z":472.12420654296877},"rotation":{"x":0.03804149478673935,"y":-0.6088584661483765,"z":0.029242858290672303,"w":0.7918358445167542},"size":16.672359466552736,"orthographic":false}